[
    {
        "name": "Tim Cook",
        "title": "CEO",
        "background": "Tim Cook is the CEO of Apple and serves on its Board of Directors."  
    },
    {
        "name": "Angela Ahrendts",
        "title": "Senior Vice President of retail and online stores",
        "background": "Angela Ahrendts is Apple's senior vice president of retail and online stores, reporting to CEO Tim Cook."
    },
    {
        "name": "Eddy Cue",
        "title": "Senior Vice President of Internet Software and Services",
        "background": "Eddy Cue is Apple's senior vice president of Internet Software and Services, reporting to CEO Tim Cook."
    },
    {
        "name": "Craig Federighi",
        "title": "Senior Vice President of Software Engineering",
        "background": "Craig Federighi is Apple's senior vice president of Software Engineering, reporting to CEO Tim Cook."
    },
    {
        "name": "Jonathan Ive",
        "title": "Senior Vice President of Design",
        "background": "London-born designer Jonathan Ive is Apple's senior vice president of Design, reporting to CEO Tim Cook. "
    }
]
